.ac,,,
.academy,,,
.accountant,,,
.accountants,,,
.actor,,,
.adult,,,
.ae.org,,,
.africa,,,
.agency,,,
.ai,,,
.airforce,,,
.apartments,,,
.app,,,
.army,,,
.art,,,
.asia,,,
.associates,,,
.attorney,,,
.auction,,,
.auto,,,
.autos,,,
.baby,,,
.band,,,
.bar,,,
.bargains,,,
.beauty,,,
.beer,,,
.berlin,,,
.best,,,
.bid,,,
.bike,,,
.bingo,,,
.bio,,,
.biz,,,
.black,,,
.blog,,,
.blue,,,
.boats,,,
.bond,,,
.boston,,,
.boutique,,,
.br.com,,,
.build,,,
.builders,,,
.business,,,
.buzz,,,
.bz,,,
.ca,,,
.cab,,,
.cafe,,,
.cam,,,
.camera,,,
.camp,,,
.capital,,,
.car,,,
.cards,,,
.care,,,
.careers,,,
.cars,,,
.casa,,,
.cash,,,
.casino,,,
.catering,,,
.cc,,,
.center,,,
.ceo,,,
.cfd,,,
.ch,,,
.chat,,,
.cheap,,,
.church,,,
.city,,,
.claims,,,
.cleaning,,,
.click,,,
.clinic,,,
.clothing,,,
.cloud,,,
.club,,,
.cm,,,
.cn.com,,,
.co,,,
.co.bz,,,
.co.com,,,
.co.in,,,
.co.uk,,,
.coach,,,
.codes,,,
.coffee,,,
.college,,,
.com,,,
.com.au,,,
.com.de,,,
.com.es,,,
.com.mx,,,
.com.pe,,,
.com.ph,,,
.com.se,,,
.com.sg,,,
.com.vc,,,
.community,,,
.company,,,
.computer,,,
.condos,,,
.construction,,,
.consulting,,,
.contact,,,
.contractors,,,
.cooking,,,
.cool,,,
.country,,,
.coupons,,,
.courses,,,
.creator,,,
.credit,,,
.creditcard,,,
.cricket,,,
.cruises,,,
.cx,,,
.cymru,,,
.cyou,,,
.dance,,,
.date,,,
.dating,,,
.de,,,
.de.com,,,
.deals,,,
.degree,,,
.delivery,,,
.democrat,,,
.dental,,,
.dentist,,,
.desi,,,
.design,,,
.dev,,,
.diamonds,,,
.digital,,,
.direct,,,
.directory,,,
.discount,,,
.doctor,,,
.dog,,,
.domains,,,
.download,,,
.earth,,,
.eco,,,
.education,,,
.elite,,,
.email,,,
.energy,,,
.engineer,,,
.engineering,,,
.enterprises,,,
.equipment,,,
.es,,,
.estate,,,
.eu,,,
.eu.com,,,
.events,,,
.exchange,,,
.expert,,,
.exposed,,,
.express,,,
.fail,,,
.faith,,,
.family,,,
.fans,,,
.farm,,,
.fashion,,,
.film,,,
.finance,,,
.financial,,,
.fish,,,
.fishing,,,
.fit,,,
.fitness,,,
.flights,,,
.florist,,,
.fm,,,
.football,,,
.forsale,,,
.forum,,,
.foundation,,,
.fr,,,
.fun,,,
.fund,,,
.furniture,,,
.futbol,,,
.fyi,,,
.gallery,,,
.game,,,
.games,,,
.garden,,,
.gay,,,
.gb.net,,,
.gdn,,,
.gg,,,
.gift,,,
.gifts,,,
.gives,,,
.glass,,,
.global,,,
.gmbh,,,
.gold,,,
.golf,,,
.gr.com,,,
.graphics,,,
.gratis,,,
.green,,,
.gripe,,,
.group,,,
.guide,,,
.guru,,,
.hair,,,
.hamburg,,,
.haus,,,
.health,,,
.healthcare,,,
.help,,,
.hockey,,,
.holdings,,,
.holiday,,,
.homes,,,
.horse,,,
.host,,,
.house,,,
.how,,,
.hu.net,,,
.icu,,,
.id,,,
.ill,,,
.immo,,,
.immobilien,,,
.in,,,
.in.net,,,
.inc,,,
.industries,,,
.info,,,
.ink,,,
.institute,,,
.insure,,,
.international,,,
.investments,,,
.io,,,
.irish,,,
.is,,,
.jetzt,,,
.jewelry,,,
.jp.net,,,
.jpn.com,,,
.kaufen,,,
.kim,,,
.kitchen,,,
.kiwi,,,
.krd,,,
.kyoto,,,
.la,,,
.land,,,
.lat,,,
.law,,,
.lawyer,,,
.lease,,,
.legal,,,
.lgbt,,,
.li,,,
.life,,,
.lighting,,,
.limited,,,
.limo,,,
.link,,,
.live,,,
.llc,,,
.loan,,,
.loans,,,
.lol,,,
.london,,,
.love,,,
.ltd,,,
.ltda,,,
.maison,,,
.makeup,,,
.management,,,
.market,,,
.marketing,,,
.mba,,,
.me,,,
.me.uk,,,
.media,,,
.melbourne,,,
.memorial,,,
.men,,,
.menu,,,
.mex.com,,,
.miami,,,
.mobi,,,
.moda,,,
.moe,,,
.mom,,,
.money,,,
.monster,,,
.mortgage,,,
.motorcycles,,,
.movie,,,
.mx,,,
.nagoya,,,
.name,,,
.navy,,,
.net,,,
.net.au,,,
.net.pe,,,
.net.ph,,,
.net.vc,,,
.network,,,
.new,,,
.news,,,
.ninja,,,
.nl,,,
.nom.es,,,
.nu,,,
.nyc,,,
.observer,,,
.oh,,,
.okinawa,,,
.one,,,
.onl,,,
.online,,,
.oo,,,
.oot,,,
.orb,,,
.org,,,
.org.au,,,
.org.es,,,
.org.mx,,,
.org.pe,,,
.org.ph,,,
.org.uk,,,
.org.vc,,,
.osaka,,,
.p,,,
.page,,,
.paris,,,
.partners,,,
.parts,,,
.party,,,
.pe,,,
.pgp,,,
.ph,,,
.photo,,,
.photography,,,
.photos,,,
.pics,,,
.pictures,,,
.pink,,,
.pizza,,,
.place,,,
.plumbing,,,
.plus,,,
.poker,,,
.porn,,,
.press,,,
.pro,,,
.productions,,,
.properties,,,
.protection,,,
.pub,,,
.pw,,,
.quest,,,
.racing,,,
.realty,,,
.recipes,,,
.red,,,
.rehab,,,
.reise,,,
.reisen,,,
.rent,,,
.rentals,,,
.repair,,,
.report,,,
.republican,,,
.rest,,,
.restaurant,,,
.review,,,
.reviews,,,
.rip,,,
.rocks,,,
.rodeo,,,
.ru.com,,,
.run,,,
.ryukyu,,,
.sa.com,,,
.saas,,,
.sale,,,
.sarl,,,
.sbs,,,
.school,,,
.schule,,,
.science,,,
.se.net,,,
.security,,,
.services,,,
.sex,,,
.sexy,,,
.sg,,,
.sh,,,
.shiksha,,,
.shoes,,,
.shop,,,
.shopping,,,
.show,,,
.singles,,,
.site,,,
.ski,,,
.skin,,,
.so,,,
.soccer,,,
.social,,,
.software,,,
.solar,,,
.solutions,,,
.sox,,,
.soy,,,
.space,,,
.storage,,,
.store,,,
.stream,,,
.studio,,,
.study,,,
.style,,,
.sucks,,,
.supplies,,,
.supply,,,
.support,,,
.surf,,,
.surgery,,,
.sydney,,,
.systems,,,
.tattoo,,,
.tax,,,
.taxi,,,
.team,,,
.tech,,,
.technology,,,
.tel,,,
.tennis,,,
.theater,,,
.theatre,,,
.tickets,,,
.tienda,,,
.tips,,,
.tires,,,
.to,,,
.today,,,
.tokyo,,,
.tools,,,
.top,,,
.tours,,,
.town,,,
.toys,,,
.trade,,,
.training,,,
.travel,,,
.tube,,,
.tv,,,
.uk,,,
.uk.com,,,
.uk.net,,,
.university,,,
.uno,,,
.us,,,
.us.com,,,
.us.org,,,
.vacations,,,
.vc,,,
.vegas,,,
.ventures,,,
.vet,,,
.viajes,,,
.video,,,
.villas,,,
.vin,,,
.vip,,,
.vision,,,
.vodka,,,
.vote,,,
.voting,,,
.voto,,,
.voyage,,,
.wales,,,
.watch,,,
.webcam,,,
.website,,,
.wedding,,,
.wiki,,,
.win,,,
.wine,,,
.work,,,
.works,,,
.world,,,
.ws,,,
.wtf,,,
.xxx,,,
.xyz,,,
.yachts,,,
.yoga,,,
.yokohama,,,
.za.com,,,
.zone,,,
